{"7": [[2, 10.4286, 2, 0], [4, 7.0, 1, 0.19047619047619047], [5, 8.5714, 1, 0.16111111111111112], [5, 8.7143, 3, 0.0925925925925926], [3, 7.5714, 3, 0], [2, 10.8571, 2, 0], [2, 7.2857, 1, 0.0784313725490196], [2, 8.7143, 2, 0], [2, 7.5714, 2, 0], [4, 6.8571, 2, 0.13999999999999999], [2, 8.4286, 2, 0], [1, 6.0, 1, 0], [2, 7.1429, 2, 0], [1, 9.0, 1, 0]], "2": [[2, 8.5, 2, 0], [1, 9.0, 1, 0], [1, 7.0, 1, 0], [1, 6.0, 1, 0], [2, 10.5, 2, 0], [1, 10.0, 1, 0], [2, 12.5, 1, 0.24], [2, 9.0, 2, 0], [1, 7.0, 1, 0], [1, 6.0, 1, 0], [1, 10.0, 1, 0], [1, 8.0, 1, 0], [1, 4.0, 1, 0], [1, 7.0, 1, 0], [2, 9.5, 1, 0.3157894736842105], [2, 16.5, 1, 0.8484848484848485], [1, 7.0, 1, 0], [2, 7.5, 2, 0], [1, 8.0, 1, 0], [1, 7.0, 1, 0], [2, 6.0, 1, 0.8333333333333334], [1, 6.0, 1, 0], [2, 10.5, 2, 0], [1, 8.0, 1, 0], [1, 6.0, 1, 0], [2, 9.0, 1, 0.2222222222222222], [1, 7.0, 1, 0], [2, 6.5, 2, 0], [1, 10.0, 1, 0], [1, 7.0, 1, 0], [2, 8.0, 2, 0], [1, 7.0, 1, 0], [2, 8.0, 1, 0.5], [2, 7.5, 1, 0.13333333333333333], [1, 6.0, 1, 0], [1, 7.0, 1, 0], [1, 8.0, 1, 0], [2, 9.0, 1, 0.2222222222222222], [1, 6.0, 1, 0], [2, 9.5, 2, 0], [1, 4.0, 1, 0], [2, 7.5, 2, 0], [2, 7.0, 2, 0], [2, 9.0, 1, 0.1111111111111111], [1, 11.0, 1, 0], [1, 11.0, 1, 0], [1, 5.0, 1, 0], [2, 8.5, 1, 0.35294117647058826], [1, 4.0, 1, 0], [1, 8.0, 1, 0], [1, 9.0, 1, 0], [1, 7.0, 1, 0], [1, 8.0, 1, 0], [1, 4.0, 1, 0], [2, 9.0, 2, 0], [1, 11.0, 1, 0], [1, 8.0, 1, 0], [1, 9.0, 1, 0], [2, 7.5, 1, 0.13333333333333333], [1, 4.0, 1, 0], [2, 13.5, 2, 0], [1, 10.0, 1, 0], [1, 10.0, 1, 0], [1, 8.0, 1, 0], [1, 6.0, 1, 0]], "5": [[2, 6.4, 1, 0.125], [2, 11.0, 2, 0], [2, 8.6, 2, 0], [4, 7.6, 2, 0.4333333333333333], [4, 7.4, 2, 0.6666666666666667], [1, 6.0, 1, 0], [2, 10.6, 2, 0], [4, 7.2, 3, 0.19999999999999998], [1, 11.0, 1, 0], [1, 6.0, 1, 0], [2, 8.2, 1, 0.04878048780487806], [1, 8.0, 1, 0], [3, 8.6, 2, 0.2857142857142857], [5, 9.0, 1, 0.1111111111111111], [5, 8.4, 2, 0.1111111111111111], [2, 6.0, 2, 0], [2, 6.2, 1, 0.06451612903225806], [1, 6.0, 1, 0], [3, 9.6, 3, 0], [1, 8.0, 1, 0], [1, 6.0, 1, 0]], "11": [[2, 7.5455, 2, 0], [8, 9.1818, 4, 0.1037037037037037], [3, 10.3636, 3, 0], [4, 7.4545, 3, 0.06857142857142856], [2, 6.7273, 1, 0.15135135135135133], [4, 11.8182, 4, 0], [1, 8.0, 1, 0], [3, 9.0909, 2, 0.03864734299516909], [2, 12.7273, 1, 0.04285714285714286]], "6": [[6, 9.0, 1, 0.1111111111111111], [1, 6.0, 1, 0], [2, 9.8333, 2, 0], [2, 7.0, 2, 0], [4, 6.8333, 3, 0.13333333333333333], [3, 8.1667, 3, 0], [6, 7.5, 4, 0.11538461538461539], [2, 7.0, 2, 0], [4, 7.8333, 4, 0], [3, 6.6667, 3, 0], [2, 7.0, 2, 0], [5, 8.3333, 2, 0.13414634146341467]], "9": [[1, 7.0, 1, 0], [2, 8.1111, 1, 0.0273972602739726], [9, 9.2222, 2, 0.11267605633802817], [3, 9.6667, 3, 0], [2, 9.8889, 2, 0], [2, 9.6667, 1, 0.06896551724137931], [3, 6.2222, 2, 0.11764705882352941], [3, 6.7778, 2, 0.04651162790697674]], "15": [[10, 10.6, 4, 0.6151515151515152], [6, 8.4, 3, 0.22222222222222224], [7, 7.6, 6, 0.15384615384615383], [5, 7.0, 3, 0.12452107279693486], [2, 7.7333, 2, 0], [5, 6.5333, 3, 0.17658730158730157], [5, 8.0, 3, 0.057692307692307696]], "8": [[2, 8.125, 1, 0.19780219780219782], [4, 9.125, 3, 0.09523809523809523], [8, 8.875, 2, 0.3333333333333333], [4, 9.125, 3, 0.044444444444444446], [2, 10.0, 2, 0], [3, 9.25, 3, 0], [4, 7.0, 3, 0.1142857142857143], [3, 9.375, 3, 0], [3, 9.375, 2, 0.09523809523809523], [2, 7.875, 2, 0], [2, 7.5, 1, 0.11428571428571428], [3, 8.0, 2, 0.03508771929824561], [1, 11.0, 1, 0], [1, 9.0, 1, 0]], "4": [[2, 6.75, 2, 0], [2, 6.0, 2, 0], [2, 7.5, 2, 0], [4, 9.0, 1, 0.1111111111111111], [3, 7.75, 3, 0], [3, 9.5, 3, 0], [2, 12.0, 2, 0], [2, 11.5, 2, 0], [2, 11.75, 2, 0], [1, 9.0, 1, 0], [1, 9.0, 1, 0], [3, 9.75, 2, 0.07692307692307693], [2, 9.25, 1, 0.05405405405405406], [2, 8.25, 1, 0.06060606060606061], [2, 11.25, 2, 0], [2, 7.0, 2, 0], [2, 7.25, 1, 0.06896551724137931], [3, 9.0, 1, 0.0925925925925926], [3, 7.75, 3, 0], [1, 6.0, 1, 0], [3, 8.25, 2, 0.17391304347826086], [1, 9.0, 1, 0], [1, 14.0, 1, 0], [4, 8.75, 1, 0.11428571428571428], [2, 8.0, 1, 0.0625], [2, 6.25, 1, 0.08], [2, 8.0, 1, 0.0625], [4, 6.5, 4, 0]], "19": [[11, 10.0, 4, 0.3027956989247312], [5, 6.1579, 5, 0], [6, 9.6842, 4, 0.1514792899408284], [4, 6.2632, 3, 0.1658986175115207], [2, 8.0, 2, 0], [11, 8.8947, 4, 0.16418864293684954]], "25": [[5, 8.64, 3, 0.13918171380857947], [6, 7.44, 6, 0]], "40": [[9, 6.15, 1, 0.177194079633104]], "21": [[7, 7.7619, 3, 0.06484480431848853], [6, 6.4762, 2, 0.17571487774554495], [3, 6.9524, 2, 0.15102974828375285]], "12": [[4, 9.5, 3, 0.024691358024691357], [2, 10.25, 2, 0], [5, 7.9167, 2, 0.2339622641509434], [7, 8.0833, 4, 0.13646055437100213], [3, 10.5, 1, 0.08658008658008658], [6, 7.8333, 4, 0.7777777777777777]], "29": [[4, 6.1724, 3, 0.048484848484848485]], "18": [[5, 9.7778, 3, 0.13800108342361864], [4, 7.2222, 2, 0.2489754098360656], [3, 6.8889, 2, 0.05737704918032787], [3, 11.3333, 2, 0.04591836734693878], [2, 8.2778, 2, 0]], "10": [[8, 7.4, 5, 0.11428571428571428], [2, 7.3, 1, 0.0821917808219178], [2, 11.6, 1, 0.27586206896551724], [3, 8.8, 1, 0.08585858585858586], [2, 8.2, 1, 0.04878048780487806], [3, 14.5, 3, 0], [4, 7.6, 3, 0.2285714285714286], [5, 8.9, 3, 0.052258064516129035]], "16": [[3, 7.75, 2, 0.024390243902439025], [4, 6.1875, 3, 0.07317073170731708], [7, 8.5625, 3, 0.19047619047619047]], "42": [[5, 6.4286, 4, 0.037037037037037035]], "3": [[3, 8.3333, 1, 0.31999999999999995], [2, 11.3333, 1, 0.0588235294117647], [3, 10.0, 3, 0], [1, 6.0, 1, 0], [3, 15.3333, 1, 0.2608695652173913], [2, 9.0, 2, 0], [1, 6.0, 1, 0], [3, 9.0, 1, 0.1111111111111111], [2, 11.3333, 2, 0], [2, 6.3333, 1, 0.10526315789473684], [1, 8.0, 1, 0], [3, 7.0, 2, 0.15384615384615385], [2, 7.6667, 2, 0], [2, 10.0, 2, 0], [2, 7.3333, 2, 0], [2, 11.6667, 2, 0], [2, 8.3333, 1, 0.39999999999999997], [2, 10.3333, 1, 0.12903225806451613], [1, 7.0, 1, 0], [3, 9.0, 1, 0.1111111111111111], [1, 8.0, 1, 0], [1, 7.0, 1, 0], [3, 10.6667, 2, 0.4], [1, 7.0, 1, 0], [2, 13.6667, 2, 0], [2, 8.3333, 1, 0.39999999999999997], [3, 9.6667, 2, 0.1111111111111111], [3, 9.6667, 2, 0.2727272727272727], [3, 9.0, 2, 0.1111111111111111], [2, 9.3333, 1, 0.14285714285714285], [2, 8.6667, 2, 0], [3, 10.0, 3, 0], [2, 8.6667, 1, 0.15384615384615385]], "14": [[4, 7.2857, 3, 0.08333333333333333], [5, 8.0, 4, 0.5263157894736842], [2, 7.2857, 2, 0], [2, 6.7143, 1, 0.19639934533551553]], "26": [[4, 7.2308, 3, 0.08058608058608059]], "24": [[3, 9.0833, 3, 0], [6, 8.0833, 3, 0.06379310344827585], [6, 7.125, 3, 0.07466666666666666]], "33": [[4, 8.2727, 3, 0.1020408163265306]], "17": [[3, 8.7647, 2, 0.056980056980056974], [2, 6.4706, 1, 0.11818181818181817]], "34": [[5, 6.8824, 2, 0.04672029702970298]], "20": [[3, 6.85, 2, 0.06632653061224489], [1, 6.0, 1, 0]], "37": [[9, 7.9459, 3, 0.06764856764856765]], "28": [[5, 7.2143, 3, 0.15053763440860216], [3, 7.0714, 1, 0.02955480733258511]], "13": [[5, 8.9231, 2, 0.14298323036187113], [5, 9.3077, 4, 0.5454545454545454], [2, 8.7692, 2, 0], [8, 9.2308, 2, 0.09764309764309764], [3, 8.3846, 2, 0.02531645569620253], [4, 8.6154, 3, 0.3658536585365854], [3, 6.3846, 1, 0.11244979919678715]], "47": [[9, 6.7234, 1, 0.24215740231150246]], "43": [[5, 6.8605, 4, 0.08695652173913043]], "23": [[5, 9.6957, 4, 0.010050251256281409], [3, 6.087, 3, 0]], "27": [[4, 7.1111, 4, 0]]}